{
  "rest": {
    "end_to_end_startup_ms": {
      "n": 2,
      "mean": 1415.757,
      "stdev": 0.41600000000005366,
      "variance": 0.17305600000004465,
      "min": 1415.341,
      "max": 1416.173,
      "cv_percent": 0.029383573593494763
    },
    "latency_avg_ms": {
      "n": 2,
      "mean": 37.1511,
      "stdev": 0.018200000000000216,
      "variance": 0.00033124000000000787,
      "min": 37.1329,
      "max": 37.1693,
      "cv_percent": 0.048989128181938665
    },
    "latency_p95_ms": {
      "n": 2,
      "mean": 41.7175,
      "stdev": 0.05129999999999768,
      "variance": 0.0026316899999997622,
      "min": 41.6662,
      "max": 41.7688,
      "cv_percent": 0.12296997662850766
    },
    "server_ready_ms": {
      "n": 2,
      "mean": 2.193,
      "stdev": 0.11799999999999988,
      "variance": 0.013923999999999973,
      "min": 2.075,
      "max": 2.311,
      "cv_percent": 5.3807569539443625
    },
    "throughput_bytes_per_sec": {
      "n": 2,
      "mean": 416.0,
      "stdev": 0.0,
      "variance": 0.0,
      "min": 416.0,
      "max": 416.0,
      "cv_percent": 0.0
    }
  },
  "webrtc": {
    "end_to_end_startup_ms": {
      "n": 2,
      "mean": 1068.3305,
      "stdev": 1.5085000000000264,
      "variance": 2.2755722500000797,
      "min": 1066.822,
      "max": 1069.839,
      "cv_percent": 0.1412016225316067
    },
    "latency_avg_ms": {
      "n": 2,
      "mean": 1.162755,
      "stdev": 0.015374999999999917,
      "variance": 0.00023639062499999743,
      "min": 1.14738,
      "max": 1.17813,
      "cv_percent": 1.3222905943212384
    },
    "latency_p95_ms": {
      "n": 2,
      "mean": 1.40802,
      "stdev": 0.022050000000000014,
      "variance": 0.00048620250000000064,
      "min": 1.38597,
      "max": 1.43007,
      "cv_percent": 1.5660288916350629
    },
    "server_ready_ms": {
      "n": 2,
      "mean": 8.795,
      "stdev": 0.7629999999999999,
      "variance": 0.5821689999999998,
      "min": 8.032,
      "max": 9.558,
      "cv_percent": 8.675383740761795
    },
    "setup_ms": {
      "n": 2,
      "mean": 1027.98,
      "stdev": 0.8700000000000045,
      "variance": 0.7569000000000079,
      "min": 1027.11,
      "max": 1028.85,
      "cv_percent": 0.08463199673145436
    },
    "throughput_bytes_per_sec": {
      "n": 2,
      "mean": 54056.0,
      "stdev": 2808.0,
      "variance": 7884864.0,
      "min": 51248.0,
      "max": 56864.0,
      "cv_percent": 5.1946129939322185
    }
  },
  "websocket": {
    "end_to_end_startup_ms": {
      "n": 2,
      "mean": 1016.0070000000001,
      "stdev": 0.7460000000000377,
      "variance": 0.5565160000000563,
      "min": 1015.261,
      "max": 1016.753,
      "cv_percent": 0.07342469097162102
    },
    "latency_avg_ms": {
      "n": 2,
      "mean": 0.059952000000000005,
      "stdev": 0.013958000000000002,
      "variance": 0.00019482576400000007,
      "min": 0.045994,
      "max": 0.07391,
      "cv_percent": 23.2819589004537
    },
    "latency_p95_ms": {
      "n": 2,
      "mean": 0.10692299999999999,
      "stdev": 0.043692,
      "variance": 0.0019089908640000002,
      "min": 0.063231,
      "max": 0.150615,
      "cv_percent": 40.86305098061222
    },
    "server_ready_ms": {
      "n": 2,
      "mean": 3.4974999999999996,
      "stdev": 0.7354999999999998,
      "variance": 0.5409602499999997,
      "min": 2.762,
      "max": 4.233,
      "cv_percent": 21.02930664760543
    },
    "throughput_bytes_per_sec": {
      "n": 2,
      "mean": 624112.0,
      "stdev": 105616.0,
      "variance": 11154739456.0,
      "min": 518496.0,
      "max": 729728.0,
      "cv_percent": 16.922603635244958
    }
  }
}