{
  "rest": {
    "end_to_end_startup_ms": {
      "n": 10,
      "mean": 13198.8997,
      "stdev": 10.588339171465757,
      "variance": 112.11292640999613,
      "min": 13185.621,
      "max": 13212.891,
      "cv_percent": 0.0802213776309381
    },
    "latency_avg_ms": {
      "n": 10,
      "mean": 40.80305,
      "stdev": 0.038984670064014425,
      "variance": 0.0015198045000000627,
      "min": 40.7465,
      "max": 40.8872,
      "cv_percent": 0.09554351957516516
    },
    "latency_p95_ms": {
      "n": 10,
      "mean": 42.08522,
      "stdev": 0.024029223874274166,
      "variance": 0.0005774035999999876,
      "min": 42.0355,
      "max": 42.1196,
      "cv_percent": 0.0570965861038012
    },
    "server_ready_ms": {
      "n": 10,
      "mean": 2.1107,
      "stdev": 0.34063266138172954,
      "variance": 0.11603061000000003,
      "min": 1.688,
      "max": 2.724,
      "cv_percent": 16.138374064610296
    },
    "throughput_bytes_per_sec": {
      "n": 10,
      "mean": 1587.2,
      "stdev": 0.0,
      "variance": 0.0,
      "min": 1587.2,
      "max": 1587.2,
      "cv_percent": 0.0
    }
  },
  "webrtc": {
    "end_to_end_startup_ms": {
      "n": 10,
      "mean": 1111.1942,
      "stdev": 7.439292934143654,
      "variance": 55.34307935999969,
      "min": 1098.049,
      "max": 1118.59,
      "cv_percent": 0.6694862998874234
    },
    "latency_avg_ms": {
      "n": 10,
      "mean": 0.32939280000000004,
      "stdev": 0.0356516458969288,
      "variance": 0.0012710398551600002,
      "min": 0.263741,
      "max": 0.381484,
      "cv_percent": 10.823444196997869
    },
    "latency_p95_ms": {
      "n": 10,
      "mean": 0.6303937,
      "stdev": 0.07425588420596713,
      "variance": 0.005513936339209999,
      "min": 0.536304,
      "max": 0.758714,
      "cv_percent": 11.779287167046107
    },
    "server_ready_ms": {
      "n": 10,
      "mean": 7.2395,
      "stdev": 0.8599185135813742,
      "variance": 0.73945985,
      "min": 5.682,
      "max": 8.27,
      "cv_percent": 11.87814784973236
    },
    "setup_ms": {
      "n": 10,
      "mean": 927.81042,
      "stdev": 298.6363643228795,
      "variance": 89183.6780959876,
      "min": 31.9742,
      "max": 1032.91,
      "cv_percent": 32.18721819516529
    },
    "throughput_bytes_per_sec": {
      "n": 10,
      "mean": 260446.7,
      "stdev": 29735.807451791185,
      "variance": 884218244.8100001,
      "min": 216640.0,
      "max": 316262.0,
      "cv_percent": 11.417233334801779
    }
  },
  "websocket": {
    "end_to_end_startup_ms": {
      "n": 10,
      "mean": 5017.4848,
      "stdev": 3.5898070644535442,
      "variance": 12.886714760000572,
      "min": 5010.735,
      "max": 5024.911,
      "cv_percent": 0.07154594797085471
    },
    "latency_avg_ms": {
      "n": 10,
      "mean": 0.0294699,
      "stdev": 0.008836839609837898,
      "variance": 7.808973429000002e-05,
      "min": 0.012696,
      "max": 0.043568,
      "cv_percent": 29.985984376729807
    },
    "latency_p95_ms": {
      "n": 10,
      "mean": 0.037847399999999996,
      "stdev": 0.016060900548848435,
      "variance": 0.00025795252644,
      "min": 0.015395,
      "max": 0.070537,
      "cv_percent": 42.43594156758043
    },
    "server_ready_ms": {
      "n": 10,
      "mean": 2.9795000000000003,
      "stdev": 1.664385427117169,
      "variance": 2.7701788500000006,
      "min": 1.692,
      "max": 7.756,
      "cv_percent": 55.861232660418494
    },
    "throughput_bytes_per_sec": {
      "n": 10,
      "mean": 3254404.0,
      "stdev": 938469.5906122904,
      "variance": 880725172504.0,
      "min": 2050790.0,
      "max": 5167800.0,
      "cv_percent": 28.836911170595
    }
  }
}